4095.2,44.9,217.6,256.8,257.1,242.1,13.63,4.76,0.94,100,50,1,90,0
259.4,262.4,248.8,21.9,21.9,22,16.03,4.74,0.96,90,50,1,80,0
256.8,259.7,244.8,19.2,19.3,19.4,13.63,4.7,0.94,80,50,1,70,0
252.6,256,245.9,19.9,19.9,20,13.97,4.77,0.95,70.1,50,1,60.1,0
250.4,251.5,237.7,17.8,17.8,17.9,12.06,4.76,0.93,60.1,50,1,50.1,0
253,251.9,243,15.3,15.3,15.4,10,4.76,0.9,50.1,50,1,40.1,0
245.6,251.6,242.3,13.2,13.2,13.3,8.12,4.73,0.86,40.1,50,1,40,0
247.6,250.7,242.4,13.2,13.2,13.3,8.11,4.75,0.86,40,50,1,40,0
248.5,252.2,238.4,13.2,13.2,13.3,8.11,4.71,0.87,40,50,1,40,0
245.8,252,240,13.2,13.1,13.2,7.96,4.7,0.86,40,50,1,40,0
249.4,247.5,240,13.1,13.1,13.2,7.95,4.7,0.86,40.1,50,1,50.1,0
248.6,251.3,240.9,15.2,15.2,15.3,9.81,4.73,0.9,50.1,50,1,40.1,0
243.8,245.3,236,13.4,13.4,13.4,8.03,4.74,0.86,40.1,50,1,50.1,0
244.8,245.6,238.4,14.9,14.9,15,9.4,4.77,0.89,50.1,50,1,60.1,0
243.8,242.4,240.1,13.9,13.9,14,8.4,4.7,0.87,60.1,50,1,70.1,0
243.3,240.8,236,12.6,12.5,12.6,7.14,4.79,0.83,70.1,50,1,80.1,0
237.6,240.8,234.4,11.1,11.1,11.2,5.7,4.75,0.77,80.1,50,1,90.1,0
236.2,238.4,233.4,10.4,10.4,10.5,4.9,4.76,0.72,90.1,50,1,100,0
234.7,232.7,232.6,9.7,9.6,9.8,3.94,4.78,0.64,100,50,1,100,0
230.4,232,233.6,8.9,8.8,8.9,2.8,4.77,0.51,90.1,50,1,100,0
229.6,230.6,230,8.4,8.4,8.5,1.89,4.78,0.37,100,50,1,100,0
229.6,230.6,230,8.2,8.2,8.3,1.47,4.7,0.3,100,50,1,100,0
224.9,226.9,226.2,8.2,8.2,8.2,1.03,4.76,0.21,99.9,50,1,100,0
221.6,229.6,224.4,8,8,8.1,0.73,4.69,0.15,100,50,1,100,0
224,230.2,220,8,8,8.1,0.56,4.68,0.12,100,50,1,100,0
222.4,228.9,221.7,8,8,8.1,0.29,4.67,0.06,100,50,1,100,0
220.8,228.8,223.3,8,8,8.1,0.03,4.7,0.01,100,50,1,100,0
221.6,232,227.7,0,0,0,0,0,0,100,50,1,100,0
221.7,232,227.4,0,0,0,0,0,0,99.9,50,1,100,0
223.5,232.5,224.1,0,0,0,0,0,0,99.9,50,1,100,0
223.5,232.5,224.1,0,0,0,0,0,0,99.9,50,1,100,0
223.5,232.5,224.1,0,0,0,0,0,0,99.9,50,1,100,0
231.7,234.8,231.2,0,0,0,0,0,0,99.9,50,1,100,0
228.9,233.8,234.4,0.1,0.1,0.1,0.09,0,1,100,50,1,100,0
230.7,233.6,229.6,0.3,0.3,0.3,0.25,-0.01,1,99.9,50,1,100,0
225.9,232,225.6,8,7.9,8,0.27,4.72,0.06,100,50,1,100,0
222.4,226.4,222.4,8.2,8.2,8.2,0.58,4.73,0.12,100,50,1,100,0
221.6,224.8,224,8.3,8.3,8.4,0.75,4.77,0.16,100,50,1,100,0
221.6,226.4,224,8.2,8.2,8.2,0.55,4.71,0.12,99.9,50,1,100,0
0,0,0,217.6,225.3,227.2,0.95,4.72,0.2,99.9,50,1,100,0
222.3,231.2,224.8,8.6,8.6,8.6,2.08,4.69,0.41,100,50,1,100,0
220.6,230.1,220.8,8.3,8.3,8.3,1.28,4.67,0.26,100,50,1,100,0
236,226.4,227.2,8.8,8.7,8.8,2.74,4.67,0.51,99.9,50,1,100,0
0,0,0,235.2,228.9,228,3.24,4.71,0.57,100,50,1,100,0
238.5,234.4,234.4,12.6,12.6,12.7,7.07,4.74,0.83,100,50,1,100,0
1696.5,2108.1,1950.1,237.6,230.4,232,5.18,4.73,0.74,99.9,50,1,89.9,0
245.6,236.2,238.4,13.6,13.5,13.7,8.13,4.71,0.87,89.9,50,1,99.9,0
249.5,241.6,240.8,15.8,15.7,15.9,10.17,4.71,0.91,99.9,50,1,100,0
253.6,246.4,243.2,18.3,18.3,18.4,12.55,4.77,0.93,100,50,1,90,0
241.6,239.8,234.9,12.5,12.4,12.5,6.95,4.77,0.82,90,50,1,100,0
254.4,247.3,240.8,17.5,17.4,17.5,11.67,4.72,0.93,100,50,1,90,0
234.4,240.8,235.2,11.4,11.4,11.5,5.97,4.75,0.78,90,50,1,100,0
253.3,256,247.8,21.6,21.4,21.9,15.36,4.79,0.95,100,50,1,70,0
254.4,248.9,243.6,19.6,19.6,19.7,13.68,4.73,0.94,70,50,1,40,0
245.5,241,238.7,13.3,13.3,13.4,8.12,4.75,0.86,40,50,1,50,0
246.4,246,239.9,15.7,15.6,15.7,10.09,4.78,0.9,50.1,50,1,60.1,0
249.3666667,247.8,239.9666667,19.63333333,19.6,19.73333333,13.52,4.75,0.94,73.43333333,50,0.333333333,80.03333333,0
250.6,261.6,244,23.2,23.2,23.4,16.78,4.68,0.96,100,50,0,70,0
256.8,256.8,246.4,21.3,21.2,21.4,15.23,4.78,0.95,100,50,0,70,0
251.1,260.8,243.2,22.3,22.3,22.5,16.02,4.68,0.96,100,50,0,70,0
248,260.8,243.3,19.4,19.4,19.5,13.63,4.66,0.95,100,50,0,70,0
258,258.4,246.35,19.35,19.3,19.5,13.785,4.77,0.945,85,50,1,55,0
251.6,254.5,247,13.1,13.1,13.2,8.05,4.76,0.86,40,50,1,10,0
0,0,0,247.2,247.3,242.1,1.6,4.75,0.31,10,50,1,20,0
244.8,250.6,238.5,8.55,8.5,8.6,2.73,81530.34,0.48,15.1,50,1,10,0
241.2,242.5,237.6,8,8,8,1.64,4.72,0.32,10,50,1,100,0
258.4,255.35,245.2,22.4,22.3,22.5,16.125,4.74,0.96,99.95,50,0,69.95,0
249.9,259.3,244.4,22.1,22.1,22.3,15.8,4.7,0.96,100,50,0,70,0
255.2,259.9,241.5,21.7,21.6,21.8,15.44,4.73,0.96,100,50,0,70,0
249.8,252.5,241.2,21,20.9,21.1,14.67,4.75,0.95,100,50,0,70,0
251.8,253,244.2,19.9,19.8,20,13.83,4.77,0.94,100,50,0,70,0
250.15,252.35,243.75,18.9,18.85,19,13,4.765,0.94,100,50,0.5,85,5
247.2,249.5,238.4,21.5,21.5,21.7,12.12,9.47,0.79,100,99.9,0,100,0
242.0333333,244.6,237.0333333,21.16666667,21.1,21.3,11.43333333,9.513333333,0.77,100,99.96666667,0,100,0
162.4,164.0333333,155.8,94.23333333,94.76666667,92.33333333,10.37333333,6.953333333,0.833333333,100,73.36666667,0,100,0
244.4333333,247.1,237.2666667,14.9,14.9,15,9.153333333,5.06,0.876666667,100,53.33333333,0,100,0
241.6,247.35,241,13.15,13.05,13.15,8.435,3.815,0.91,100,40,0,100,0
161.3,162.2333333,158.3666667,10.36666667,10.23333333,10.46666667,7.173333333,1.283333333,0.98,100,13.33333333,0,100,0
244.8666667,247.1666667,241.3,13.8,13.46666667,13.86666667,9.936666667,0.033333333,1,100,0,0.333333333,100,0
246.7,253.25,242.45,19.4,19.3,19.5,14.17,1.92,1,100,20,0,70,0
248.9,255.5,244.6,18.6,18.5,18.7,13.65,1.92,1,100,20,0,70,0
245.3,254.2,241.6,18.2,18.1,18.3,12.73,3.77,0.96,100,40.1,1,100,60
244.45,251.15,242.65,19,19,19.15,12.51,82841.59,0.91,100,60,0.5,85,30
246.2,248.9,238.3,23.4,23.4,23.6,15.09,7.595,0.89,100,80.05,0.5,100,50
246.4,250,237.6,22.4,22.35,22.5,13.64,8.5,0.845,100,90.05,0,85,0
246.1333333,251.2666667,238.9666667,21.33333333,21.26666667,21.43333333,12.02333333,9.433333333,0.79,100,100,0,70,0
244.9,251.1333333,241.6,21.13333333,21.06666667,21.2,12.02,9.423333333,0.79,100,100,0,70,0
246.6666667,249.0666667,239.7333333,21.36666667,21.33333333,21.46666667,12.02,9.5,0.78,100,100,0,100,0
244.0666667,248.4333333,241.3333333,21.43333333,21.4,21.53333333,12.02333333,9.493333333,0.786666667,100,100,0,100,0
244.8,248,240.8,19.9,19.9,20.1,12.03,7.61,0.85,100,80,0,100,0
246.45,248.55,238.25,19.85,19.85,20.05,12.02,7.6,0.85,100,80,0,100,0
241.2,244.4,236,19.15,19.1,19.25,10.99,7.6,0.82,100,80,0.5,100,30
122.4,123.35,119.2,133.75,133.35,131,12.375,5.735,0.905,100,60,0,100,0
243.7666667,247.3333333,239.5333333,16.9,16.86666667,17,10.89333333,5.08,0.906666667,100,53.43333333,0,100,0
247.6,249.5,241.6,15.65,15.6,15.75,10.955,2.875,0.97,100,30,0,85,0
249.5666667,247.7333333,241.1666667,14.7,14.4,14.83333333,10.63666667,0.666666667,0.993333333,100,6.666666667,0,90,0
247.55,247.25,239.3,14.5,14.3,14.65,10.585,0.035,1,100,0.05,0.5,100,0.5
162.6666667,163.8,162.5666667,90.7,90.63333333,88.26666667,9.216666667,0.056666667,1,100,0.4,0,100,0
243.2,248.1,243.9,12.5,12.5,12.6,9.26,0.035,1,100,0.15,0,100,0
241.2666667,244.3,240.2666667,10.4,10.36666667,10.43333333,7.566666667,0.023333333,1,100,0.1,0,100,0
241.8,243.2,237.5333333,10.5,10.5,10.56666667,7.61,0.023333333,1,100,0.1,0,100,0
238.4,245.6,240,9.5,9.5,9.5,6.86,0.02,1,100,0.1,1,100,0
233.6,236,232.8,6.8,6.8,6.9,4.75,0.01,1,99.9,0.1,1,100,0
229.5,232.8,228,6.9,6.9,7,4.78,153618.72,1,99.9,0.1,1,100,0
224,235.3,232,5.1,5.1,5.2,3.56,0,1,99.9,0.1,1,100,0
227.4,230.4,228,3.6,3.6,3.7,2.51,0.01,1,99.9,0.1,1,100,0
223.6,229.6,228.8,2.8,2.8,2.9,1.97,0,1,100,0.1,1,100,0
0,0,0,224.2,232.6,228,2.26,0,1,100,0.1,1,100,0
223.4,230.9,227.2,2.6,2.6,2.7,1.86,0,1,100,0.1,1,100,0
222.4,231.5,221.3,1.9,1.9,1.9,1.27,0,1,99.9,0.1,1,100,0
224.8,228.5,223.2,1.9,1.9,1.9,1.24,0,1,99.9,0.1,1,100,0
0,0,0,224,229.6,222.4,0.58,0,1,99.9,0.1,1,100,0
1696.5,2108.1,1950.1,220.8,228,224,0.16,0,1,99.9,0.1,1,69.9,0
219.3,226.4,225.6,0.1,0.1,0.1,0.09,0,1,70,0.1,1,95,0
222.4,229.6,224.8,0,0,0,0.03,-0.01,0.93,95.1,0.1,1,100,0
224,229.6,224.6,0,0,0,0,0,0,95,0.1,1,100,0
224,229.6,224.6,0,0,0,0,0,0,95,0.1,1,100,0
224,229.6,224.6,0,0,0,0,0,0,95,0.1,1,100,0
224,229.6,224.6,0,0,0,0,0,0,95,0.1,1,100,0
228.8,235,232,0,0,0,0,0,0,99.9,0.1,1,100,0
228,235.2,232.8,0,0,0,0,0,0,100,0.1,1,100,0
222.6,232,230.2,0.3,0.3,0.3,0.21,-0.01,1,99.9,0.1,1,100,0
225.9,233.2,224,0.4,0.4,0.4,0.34,-0.01,1,99.9,0.1,1,100,0
220.8,228.8,220.8,0.9,0.9,0.9,0.65,0,1,100,0.1,1,100,0
221.6,228,222.4,1.5,1.4,1.4,1,-0.01,1,100,0.1,1,100,0
217.4,228.9,228.8,2.1,2.1,2.1,1.35,0,1,99.9,0.1,1,100,0
221.6,227.2,225.6,2.4,2.4,2.4,1.52,149948.53,1,100,0.1,1,100,0
220.1,229.6,227.2,3.2,3.1,3.2,2.1,0,1,100,0.1,1,100,0
225.6,233.6,231.2,3.3,3.3,3.4,2.31,0,1,100,0.1,1,100,0
223.2,230.4,224.5,3.7,3.7,3.7,2.52,0,1,99.9,0.1,1,100,0
228.8,235.2,233.6,4.6,4.6,4.7,3.22,0,1,100,0.1,1,100,0
235,234.5,232.7,6.2,6.2,6.3,4.33,0.01,1,99.9,0.1,1,100,0
236,238.4,231.2,6.6,6.6,6.6,4.6,0.01,1,99.9,0.1,1,100,0
234.4,237.2,233.6,6,6,6.1,4.21,0.01,1,100,0.1,1,100,0
238.4,248.4,233.7,10.4,10.4,10.5,7.56,0.02,1,100,0.1,1,100,0
238.5,243.2,233.7,8.6,8.6,8.7,6.18,0.02,1,100,0.1,1,100,0
244,246.6,236.6,11.1,11,11.1,8.12,0.03,1,100,0.1,1,100,0
248.8,252.8,241.2,15.9,15.9,16,11.88,0.04,1,99.9,0.1,1,69.9,0
243,241.5,237.6,10.6,10.5,10.6,7.63,0.02,1,69.9,0.1,1,79.9,0
1696.5,2108.1,1950.1,244,247.2,245,10.02,0.02,1,79.9,0.1,1,49.9,0
249.8,246.7,243.2,13.5,13.4,13.6,9.44,0.03,1,49.9,0.1,1,59.9,0
244.7,252,238.4,14.9,14.8,15,10.99,0.04,1,59.9,0.1,1,29.9,0
240.9,243.4,237.5,8,8,8,5.78,0.01,1,29.9,0.1,1,39.9,0
248.2,250.6,240,10.7,10.7,10.8,8.06,0.03,1,39.9,0.1,1,10,0
241.7,245.7,237.6,2.3,2.3,2.3,1.59,0,1,10,0.1,1,20,0
236,244.4,236.8,5.1,5.1,5.1,3.74,0,1,20,0.1,1,30,0
246.5,251.5,236.8,8.2,8.2,8.3,6.02,0.01,1,30.1,0.1,1,10,0
242.4,245.6,237.7,11.9,11.9,12,8.67,164628.98,1,80,0.1,1,90,0
250.4,254.4,241.6,20.3,20.2,20.4,15.22,0.05,1,90,0.1,1,60,0
249.2,251.8,242.9,18.2,18.2,18.4,13.66,0.04,1,90.1,0.1,1,60.1,0
239.8,246.3,238.6,10.8,10.7,10.8,7.87,0.03,1,69.9,0.1,1,94.9,0
233.6,234.5,230.6,4.9,4.9,4.9,3.43,0.01,1,94.9,0.1,1,100,0
234.4,240,233,8.4,8.4,8.5,5.96,0.01,1,99.9,0.1,1,100,0
247.1,250.4,244,16.4,16.4,16.5,12.21,0.04,1,100,0.1,1,70,0
238.4,243.2,241.6,11.3,11.2,11.3,8.16,0.03,1,70,0.1,1,95,0
235.2,239.2,232.8,6.2,6.2,6.2,4.35,0.01,1,99.9,0.1,1,100,0
228.8,230.4,228.8,2.1,2.1,2.1,1.45,0,1,100,0.1,1,100,0
225.3,231.2,229.1,1.7,1.6,1.7,1.17,0,1,99.9,0.1,1,100,0
224,229.6,228.8,1.4,1.3,1.3,0.96,-0.01,1,100,0.1,1,100,0
226.3,230.4,228.9,2.3,2.3,2.4,1.63,0,1,99.9,0.1,1,100,0
1696.5,2108.1,1950.1,232.1,233.6,229.7,2.96,0,1,99.9,0.1,1,69.9,0
232.8,236.8,232.8,5.1,5.1,5.2,3.61,0.01,1,70,0.1,1,95,0
0,0,0,3.6,3.6,3.6,2.49,0,1,95.1,0.1,1,100,0
223.2,229.6,228.8,1,1,1,0.71,0,1,99.9,0.1,1,100,0
0,0,0,223.1,232.9,230.4,3.13,0,1,99.9,0.1,1,100,0
228,235.2,227.2,2.3,2.3,2.4,1.66,0,1,99.9,0.1,1,100,0
228.8,235.2,228.2,4.2,4.2,4.3,2.96,155191.55,1,100,0.1,1,100,0
224.8,230.7,229.5,1.5,1.4,1.4,1.03,0,1,100,0.1,1,100,0
224,230.4,226.8,1.2,1.2,1.2,0.83,-0.01,1,99.9,0.1,1,100,0
219.2,225.6,228.4,1.5,1.5,1.5,1.05,0,1,100,0.1,1,100,0
0,0,0,217.8,231.1,225.6,0.78,0,1,100,0.1,1,100,0
221.4,231.8666667,225.9,0.833333333,0.766666667,0.833333333,0.583333333,-0.006666667,1,99.96666667,0.1,1,99.96666667,0
157.4571429,164.5714286,158.4285714,62.65714286,65.65714286,64.48571429,0.487142857,-0.004285714,1,99.92857143,0.1,1,99.92857143,0
186.5285714,196.7714286,196.5714286,31.07142857,32.9,33.24285714,0.198571429,0,1,99.95714286,0.1,1,99.95714286,0
197.7333333,205.8222222,200.6222222,24.45555556,25.86666667,26.14444444,0.362222222,-0.002222222,1,99.93333333,0.1,1,99.93333333,0
223.7285714,232.9142857,224.8571429,0.742857143,0.714285714,0.771428571,0.541428571,-0.002857143,1,99.94285714,0.1,1,99.94285714,0
223.0428571,233.5428571,225.0857143,0.771428571,0.728571429,0.728571429,0.55,0,1,99.94285714,0.1,1,99.94285714,0
184.5833333,194.3666667,188.2333333,37.15,38.45,37.26666667,0.195,-0.001666667,1,99.91666667,0.1,1,99.91666667,0
224.5714286,233.8285714,229.7142857,0.014285714,0.014285714,0.014285714,0.021428571,-0.002857143,0.665714286,99.91428571,0.1,1,99.91428571,0
227.28,233.76,228.32,0,0,0,0,0,0,99.96,0.1,1,99.96,0
230,232.8,226.4,0,0,0,0,0,0,100,0.1,1,100,0
230,232.8,226.4,0,0,0,0,0,0,100,0.1,1,100,0
228.16,235.84,228.16,0,0,0,0,0,0,100,0.1,1,100,0
114.9333333,117.8666667,113.0666667,115.2,117.6,113.2,0,25668.64833,0,100,0.1,1,100,0
225.6,233.76,227.56,0,0,0,0,30618.876,0,100,0.1,1,100,0
220.64,229.28,221.92,0.04,0.04,0.04,0.058,-0.01,1,99.94,0.1,1,99.94,0
217.6,226.8,224.3714286,0.271428571,0.242857143,0.242857143,0.211428571,-0.002857143,1,99.97142857,0.1,1,99.97142857,0
219.3142857,227.7714286,220.5714286,0.542857143,0.542857143,0.542857143,0.398571429,42393.04429,1,99.97142857,0.1,1,99.97142857,0
220.525,227.425,221.85,0.95,0.925,0.975,0.675,18678.03375,1,99.9375,0.1,1,99.9375,0
215.7625,230.5,220.7,1.175,1.1,1.15,0.78875,-0.005,1,99.95,0.1,1,99.95,0
218.2857143,229.7714286,223.1428571,1.042857143,1,1.042857143,0.725714286,-0.004285714,1,99.91428571,0.1,1,99.91428571,0
222.8,226.85,225.35,0.825,0.825,0.825,0.5875,0,1,99.9,0.1,1,99.9,0
222.6875,226.1,223.7,1.125,1.125,1.125,0.7825,36831.7775,1,99.9125,0.1,1,99.9125,0
228.41,225.85,226.8,1.24,1.26,1.24,0.882,0,1,99.98,0.1,1,99.98,0
224.8,230.2666667,225.7333333,1.533333333,1.533333333,1.55,1.081666667,0,1,99.93333333,0.1,1,99.93333333,0
227.2,229.6,224,1.116666667,1.116666667,1.116666667,0.806666667,24871.29167,1,99.9,0.1,1,99.9,0
225.2857143,228,225.6857143,1.242857143,1.242857143,1.242857143,0.89,0,1,99.92857143,0.1,1,99.92857143,0
168.175,171.8,171.475,56.2875,58.2375,57.8625,0.65,-0.0025,1,99.925,0.1,1,99.925,0
226.1428571,229.7142857,228,0.942857143,0.928571429,0.928571429,0.69,0,1,99.98571429,0.1,1,99.98571429,0
227.4714286,229.5,229.7142857,1.614285714,1.614285714,1.628571429,1.142857143,0,1,100,0.1,1,100,0
229.8285714,230.2285714,229.4142857,2.642857143,2.671428571,2.671428571,1.84,0,1,100,0.1,1,100,0
227.225,231.9,230.0625,2.6875,2.6875,2.7125,1.88375,56943.43875,1,99.925,0.1,1,99.925,0
223.725,228.0125,229.15,2.2875,2.3125,2.375,1.61625,0,1,99.925,0.1,1,99.925,0
225.8666667,231.7333333,226.5666667,2.633333333,2.633333333,2.683333333,1.876666667,0,1,99.93333333,0.1,1,99.93333333,0
225.05,233.175,229.4375,3.675,3.675,3.6875,2.54625,0.005,1,99.9125,0.1,1,99.9125,0
226.7333333,232.9333333,230.6166667,4.066666667,4.066666667,4.066666667,2.796666667,25253.58167,1,99.91666667,0.1,1,99.91666667,0
225.9285714,232.9142857,232.3857143,4.3,4.3,4.342857143,2.952857143,0,1,99.94285714,0.1,1,99.94285714,0
226.325,228.2875,233.6625,3.9375,3.9375,3.9625,2.72,37749.30875,1,99.9,0.1,1,99.9,0
227.2857143,232.4285714,232.0142857,3.485714286,3.485714286,3.528571429,2.422857143,0,1,99.94285714,0.1,1,99.94285714,0
225.3333333,233.3333333,230.8666667,4.083333333,4.05,4.15,2.825,0.003333333,1,99.95,0.1,1,99.95,0
75.48333333,78.26666667,76.66666667,152.2666667,157.6666667,153.8166667,2.401666667,0,1,99.93333333,0.1,1,99.93333333,0
228.74,229.36,229.72,2.76,2.76,2.82,1.952,0,1,99.96,0.1,1,99.96,0
152.4333333,154.9555556,152.5333333,77.53333333,78.5,78.37777778,1.401111111,0,1,99.94444444,0.1,1,99.94444444,0
162.5428571,163.4285714,164.4857143,65.28571429,67.1,67.64285714,1.162857143,-0.001428571,1,99.91428571,0.1,1,99.91428571,0
227.4666667,231.2,229.3333333,1.85,1.85,1.866666667,1.25,0,1,99.91666667,0.1,1,99.91666667,0
226.5333333,230.95,228.5833333,1.95,2,2.033333333,1.363333333,0,1,99.9,0.1,1,99.9,0
229.5166667,231.0166667,228.25,2.283333333,2.3,2.316666667,1.606666667,0,1,99.96666667,0.1,1,99.96666667,0
228.6857143,229.7714286,227.2857143,2.485714286,2.485714286,2.557142857,1.75,0,1,99.98571429,0.1,1,99.98571429,0
230.3857143,230.3285714,226.6,2.971428571,3,3.028571429,2.102857143,0.001428571,1,99.92857143,0.1,1,99.92857143,0
172.25,174.4875,170.8875,59.9625,60.95,59.6125,2.2725,0,1,100,0.1,1,100,0
227.7714286,229.6285714,225.9285714,1.371428571,1.357142857,1.414285714,0.987142857,-0.001428571,1,99.98571429,0.1,1,99.98571429,0
227.8625,228.8625,226.2375,1.4625,1.4375,1.4875,1.0375,0,1,100,0.1,1,100,0
228,229.6,225.9,1.55,1.55,1.55,1.09625,-0.00375,1,99.925,0.1,1,99.925,0
227.0285714,230.9714286,226.0285714,1.757142857,1.757142857,1.8,1.214285714,21645.92571,1,99.94285714,0.1,1,99.94285714,0
225.7142857,232.3714286,227.1142857,1.942857143,1.942857143,1.942857143,1.344285714,0,1,99.9,0.1,1,99.9,0
226.425,233.325,228.225,2.325,2.3625,2.4,1.64875,37749.305,1,99.925,0.1,1,99.925,0
227.2,231.4666667,229.8666667,2.266666667,2.266666667,2.3,1.606666667,0,1,99.93333333,0.1,1,99.93333333,0
1885.942857,151.5857143,223.4714286,98.61428571,100.8857143,99.3,1.56,21655.29286,1,99.92857143,0.1,1,99.92857143,6.471428571
227.5875,229.125,229.6,1.6,1.6,1.625,1.12,0,1,99.9375,0.1,1,99.9375,0
161.1285714,164.5714286,162.8,64.95714286,67,65.7,0.938571429,0,1,99.98571429,0.1,1,99.98571429,0
139.4875,144.075,141.925,84.725,88.2875,86.2,1.1225,0,1,99.9,0.1,1,99.9,0
223.2714286,232.0571429,228.9428571,2.3,2.3,2.342857143,1.602857143,0,1,99.92857143,0.1,1,99.92857143,0
225.2222222,230.1777778,227.9777778,1.744444444,1.7,1.711111111,1.203333333,0,1,99.95555556,0.1,1,99.95555556,0
224.5833333,230.0666667,225.2333333,1.416666667,1.316666667,1.4,0.971666667,0,1,99.9,0.1,1,99.9,0
221.9428571,228.5,224.1714286,0.728571429,0.685714286,0.714285714,0.514285714,-0.005714286,1,99.92857143,0.1,1,99.92857143,0
218.6833333,232.5833333,226.6666667,0.933333333,0.916666667,0.933333333,0.656666667,-0.001666667,1,99.93333333,0.1,1,99.93333333,0
218.8,231.0666667,226.2,0.783333333,0.733333333,0.733333333,0.553333333,0,1,99.95,0.1,1,99.95,0
222.7833333,229.1333333,226.7166667,0.633333333,0.583333333,0.583333333,0.453333333,0,1,99.9,0.1,1,99.9,0
222.55,227.7,225.2,0.3,0.25,0.3,0.22,-0.005,1,99.9,0.1,1,99.9,0
224.3428571,230.5142857,224,0.028571429,0.028571429,0.028571429,0.048571429,0,0.857142857,99.9,0.1,1,99.9,0
220.65,234.45,225.8,0,0,0,0,0,0,99.925,0.1,1,99.925,0
220.8,232,226.8,0,0,0,0,0,0,99.9,0.1,1,99.9,0
229.8333333,233.4666667,231.3333333,0,0,0,0,0,0,99.9,0.1,1,99.9,0
228.65,233.1,232.35,0,0,0,0,0,0,99.93333333,0.1,1,99.93333333,0
225.9857143,233.2571429,227.7142857,0,0,0,0.01,-0.001428571,0.142857143,99.97142857,0.1,1,99.97142857,0
219.0142857,231,222.5428571,0.1,0.1,0.1,0.097142857,-0.005714286,1,99.91428571,0.1,1,99.91428571,0
217.6,229.25,224.1375,0.25,0.2375,0.2375,0.2025,0,1,99.9125,0.1,1,99.9125,0
218.1333333,229.15,225.0666667,0.366666667,0.333333333,0.333333333,0.273333333,0,1,99.93333333,0.1,1,99.93333333,0
214.42,228.72,226.95,0.54,0.5,0.5,0.379,-0.003,1,99.97,0.1,1,99.97,0
217.5571429,229.0142857,224.5857143,0.928571429,0.857142857,0.9,0.647142857,-0.002857143,1,99.95714286,0.1,1,99.95714286,0
186.2,197.0571429,194.9714286,33.17142857,33.8,33.8,0.821428571,-0.002857143,1,99.97142857,0.1,1,99.97142857,0
225.5714286,230.1571429,226.3857143,1.028571429,1.014285714,1.028571429,0.73,-0.004285714,1,99.94285714,0.1,1,99.94285714,0
228.1142857,229.7142857,226.2857143,1.071428571,1.071428571,1.142857143,0.781428571,-0.002857143,1,99.9,0.1,1,99.9,0
223.6857143,226.9285714,231.3285714,1.642857143,1.657142857,1.642857143,1.128571429,0,1,99.95714286,0.1,1,99.95714286,0
227.24,229.16,230.82,1.66,1.64,1.66,1.166,0,1,99.92,0.1,1,99.92,0
228.28,229.66,227.56,1.54,1.5,1.54,1.054,0,1,99.92,0.1,1,99.92,0
226.7142857,230.2,227.3142857,1.614285714,1.6,1.628571429,1.111428571,-0.004285714,1,99.95714286,0.1,1,99.95714286,0
227.5666667,232.3333333,226.2666667,2.116666667,2.1,2.133333333,1.47,0,1,99.98333333,0.1,1,99.98333333,0
226.0571429,232.3142857,229.2571429,2.2,2.2,2.228571429,1.551428571,0,1,99.97142857,0.1,1,99.97142857,0
225.6,229.8571429,226.6,0.928571429,0.928571429,0.928571429,0.658571429,-0.001428571,1,99.91428571,0.1,1,99.91428571,0
224.48,229.24,223.8,0.96,0.96,0.98,0.694,0,1,99.92,0.1,1,99.92,0
221.8875,230.075,228.0375,1.225,1.1375,1.1875,0.84375,0,1,99.9,0.1,1,99.9,0
222.4571429,229.0571429,225.2571429,1.2,1.185714286,1.2,0.834285714,-0.002857143,1,99.91428571,0.1,1,99.91428571,0
147.65,153.3333333,151.3833333,74.75,78.23333333,76.66666667,1.165,0,1,99.96666667,0.1,1,99.96666667,0
222.9714286,230.1428571,226.2857143,2.585714286,2.585714286,2.642857143,1.8,0,1,99.95714286,0.1,1,99.95714286,0
470.7666667,542.45,511.0166667,39.36666667,40.13333333,39.26666667,1.673333333,0,1,99.93333333,0.1,1,99.93333333,2.516666667
406.1375,463.7125,441.1625,30.0875,30.6875,30.05,1.67125,0,1,99.9625,0.1,1,99.9625,1.8875
219.8285714,227.1428571,223.1714286,1.085714286,1.085714286,1.1,0.774285714,-0.001428571,1,99.95714286,0.1,1,99.95714286,0
223.2714286,232.2857143,225.9428571,1.842857143,1.8,1.9,1.29,0,1,99.9,0.1,1,99.9,0
226.35,233.3,226.375,1.6125,1.6,1.6375,1.14875,0,1,99.95,0.1,1,99.95,0
227.8428571,230.6285714,226.9,1.4,1.4,1.414285714,0.984285714,0,1,99.94285714,0.1,1,99.94285714,0
183.54,188.48,183.4,48.96,50.56,49.96,3.162,0.006,1,99.94,0.1,1,99.94,0
1066.714286,1305.657143,1213.971429,36.74285714,36.98571429,36.77142857,3.154285714,0.002857143,1,99.92857143,0.1,1,99.92857143,8.628571429
521.1,610.98,578.18,3.28,3.28,3.38,2.314,0,1,99.9,0.1,1,99.9,3.02
231.58,236.04,233.02,3.6,3.6,3.62,2.52,0.006,1,99.94,0.1,1,99.94,0
230.8142857,235.6285714,231.5,3.4,3.4,3.471428571,2.407142857,0,1,99.95714286,0.1,1,99.95714286,0
230.4571429,234.2,230.4,3.171428571,3.171428571,3.171428571,2.237142857,0,1,100,0.1,1,100,0
229.7428571,232.8714286,227.8428571,2.9,2.942857143,2.985714286,2.068571429,0,1,99.97142857,0.1,1,99.97142857,0
228.1142857,233.1285714,230.1857143,3.014285714,3.014285714,3.028571429,2.111428571,0,1,99.97142857,0.1,1,99.97142857,0
228.5142857,233,225.3714286,1.942857143,1.957142857,1.985714286,1.377142857,-0.001428571,1,100,0.1,1,100,0
227.6444444,232.2222222,225.5111111,2.044444444,2.022222222,2.055555556,1.43,-0.002222222,1,99.97777778,0.1,1,99.97777778,0
229,232.4875,228.8625,2.775,2.775,2.8375,1.9575,19120.41375,1,99.9375,0.1,1,99.9375,0
227.1,234.7,228.4,1.9,1.8875,1.9125,1.35625,-0.0025,1,99.9875,0.1,1,99.9875,0
223.7444444,232.6888889,229.2444444,1.255555556,1.244444444,1.277777778,0.893333333,0,1,99.94444444,0.1,1,99.94444444,0
223.2125,231.1375,228.4,1.85,1.8375,1.9375,1.285,-0.00125,1,99.95,0.1,1,99.95,0
222.8555556,233.8444444,227.3,1.344444444,1.244444444,1.3,0.923333333,-0.003333333,1,99.91111111,0.1,1,99.91111111,0
223.4285714,236.1,224.2142857,1.314285714,1.242857143,1.314285714,0.92,0,1,99.91428571,0.1,1,99.91428571,0
222.6285714,236.0285714,222.0428571,1.057142857,1,1.028571429,0.734285714,0,1,99.98571429,0.1,1,99.98571429,0
224.75,237.2,221.5,1.6,1.575,1.6,1.1275,0,1,99.95,0.1,1,99.95,0
99.55555556,105.1666667,98.48888889,74.5,80.05555556,74.86666667,0.948888889,-0.003333333,1,99.9,0.1,1,99.9,0
175.28,188.8,177.6,45.84,48.4,46.2,1.15,0,1,100,0.1,1,100,0
218.825,233.2625,226.0375,0.9375,0.875,0.9,0.655,-0.00375,1,99.9875,0.1,1,99.9875,0
221.9625,231.375,221.3875,1.1,1.025,1.1,0.75875,-0.0025,1,99.95,0.1,1,99.95,0
220.16,230.72,225.88,0.88,0.86,0.86,0.634,-0.002,1,99.98,0.1,1,99.98,0
216,228,228.8,0.275,0.275,0.275,0.2,37749.2875,1,99.925,0.1,1,99.925,0
191.775,202.35,200.6625,26.775,29.4625,28.9625,0.15625,-0.00125,1,99.9125,0.1,1,99.9125,0
62.17142857,65.71428571,65.82857143,30.6,33.65714286,33.08571429,0.184285714,-0.007142857,1,99.98571429,0.1,1,99.98571429,0
219.4,231.95,227.7,0.075,0.0625,0.0625,0.1,-0.00375,1,99.9875,0.1,1,99.9875,0
3127,92.475,219,138.625,145.5,140.5,0.05,75760.7325,0.99125,99.925,0.1,1,99.925,11.325
224.5666667,233.0333333,226.65,0,0,0,0.011666667,-0.005,0.455,99.9,0.1,1,99.9,0
228,234.9,224.8,0,0,0,0,0,0,100,0.1,1,100,0
228,234.9,224.8,0,0,0,0,0,0,100,0.1,1,100,0
228,234.9,224.8,0,0,0,0,0,0,100,0.1,1,100,0
184.96,188.44,185.06,44.8,45.36,44.64,0,0,0,99.92,0.1,1,99.92,0
55.7875,58.0875,56.4,56.025,56.725,55.825,0.0225,-0.0025,0.25,99.95,0.1,1,99.95,0
221.12,231.68,224,0.28,0.24,0.28,0.222,-0.006,1,99.94,0.1,1,99.94,0
219.4,227.66,222.2,0.66,0.66,0.66,0.468,-0.002,1,100,0.1,1,100,0
221.0333333,229.1666667,227.0666667,1.016666667,0.966666667,1,0.708333333,-0.01,1,100,0.1,1,100,0
222.4666667,230.0666667,226.8444444,1.7,1.644444444,1.677777778,1.125555556,0,1,99.92222222,0.1,1,99.92222222,0
220.45,230.5375,229.8125,2.5,2.4125,2.5,1.60625,0,1,99.9375,0.1,1,99.9375,0
221.1,229.6,231.2,3.74,3.66,3.74,2.446,60818.32,1,99.96,0.1,1,99.96,0
219.9,234.2375,232.3125,5.6,5.5625,5.6625,3.72625,0.00875,1,99.95,0.1,1,99.95,0
228.3833333,236.0166667,229.55,6.966666667,6.933333333,7.033333333,4.775,0.01,1,99.95,0.1,1,99.95,0
1953.422222,153.4666667,226.7111111,111.9666667,112.1444444,108.8222222,6.237777778,0.018888889,1,99.96666667,0.1,1,99.96666667,8.933333333
242.5142857,241.8428571,233.3142857,10.22857143,10.22857143,10.3,7.377142857,0.024285714,1,99.94285714,0.1,1,99.94285714,0
238.8,242.0857143,235.6857143,11.8,11.75714286,11.85714286,8.485714286,0.03,1,99.95714286,0.1,1,99.95714286,0
243.6666667,248.4,239.8888889,13.15555556,13.12222222,13.24444444,9.673333333,0.03,1,99.92222222,0.1,1,99.92222222,0
247.8666667,246.95,240.4666667,14.55,14.51666667,14.65,10.75,0.033333333,1,99.95,0.1,1,99.95,13.4
246.5375,251.975,242.15,15.7875,15.7625,15.8625,11.74875,0.04,1,99.9125,0.1,1,99.9125,20.1
250.4,252.6571429,244.4571429,16.94285714,16.9,17,12.70428571,47299.01429,1,99.94285714,0.1,1,99.94285714,20.1
208.0833333,209.85,203.3666667,57.23333333,57.18333333,55.66666667,13.62333333,0.048333333,1,99.96666667,0.1,1,99.96666667,16.75
974.325,1180.25,1097.675,135.95,135.525,133.575,14.5325,0.05,1,100,0.1,1,100,20.1
218.0857143,217.8857143,209.9857143,54.1,53.74285714,52.28571429,15.32142857,0.052857143,1,99.9,0.1,1,99.9,17.22857143
50.58,51.2,49.28,162.24,162.24,155.86,15.998,33633.634,1,99.94,0.1,1,99.94,4.02
223.8,224.975,213.725,50.95,51.4625,50.35,16.71375,0.055,1,99.9375,0.1,1,99.9375,17.5875
254.5,256.34,246.26,22.5,22.44,22.6,17.088,0.06,1,99.9,0.1,1,99.9,20.1
1021.28,215.44,240.02,67.92,70.64,67.58,17.266,0.064,1,99.94,0.1,1,99.94,20.1
251.6666667,260.2666667,242.6666667,21.4,21.38333333,21.56666667,16.23166667,0.051666667,1,99.96666667,0.1,1,99.96666667,20.1
254.28,260.56,241.66,21.08,21.08,21.18,16.03,0.054,1,99.98,0.1,1,99.98,20.1
253.6,259.2,244.8,19.4,19.3,19.5,14.58,0.06,1,99.9,0.1,1,99.9,20.1
259.225,258.625,247,20.075,20.05,20.175,15.425,0.0525,1,99.9,0.1,1,99.9,20.1
257.9,259.2,247.4666667,19.8,19.8,19.9,15.22666667,0.05,1,99.93333333,0.1,1,99.93333333,20.1
65.075,64.7,61.8,81,80.55,77.075,16.0225,0.0475,1,99.95,0.1,1,99.95,5.025
195.35,195.6,186.75,80.85,81.85,78.525,16.7175,0.055,1,100,0.1,1,100,15.075
259.25,262.85,245.8,20.75,20.75,20.9,16.025,0.05,1,100,0.1,1,100,20.1
257.95,260.75,247.65,20.8,20.8,20.9,16.03,0.06,1,99.9,0.1,1,99.9,20.1
171.4,174.4,162.6,98.5,99.2,93.73333333,14.84,0.05,1,99.96666667,0.1,1,99.96666667,13.4
257.42,261.28,244.28,19.66,19.64,19.76,15.038,0.05,1,99.92,0.1,1,99.92,20.1
127.75,130.375,122.025,78.9,79.5,75.475,14.9675,0.055,1,99.9,0.1,1,99.9,10.05
253.55,259.4,245.525,19.325,19.275,19.425,14.72,42468,1,99.925,0.1,1,99.925,20.1
253.125,258.725,244.65,19.375,19.325,19.475,14.7275,0.055,1,99.925,0.1,1,99.925,20.1
252.025,256.8,245.475,17.475,17.4,17.55,13.16,0.04,1,99.975,0.1,1,99.975,20.1
253.4428571,255.6857143,242.5142857,18.47142857,18.44285714,18.54285714,13.88857143,0.044285714,1,100,0.1,1,100,20.1
248.2875,254,248.05,17.45,17.45,17.55,13.16125,41550.4825,1,100,0.1,1,100,20.1
543.3,624.2,586.78,63.42,64.34,62.82,12.716,0.048,1,99.92,0.1,1,99.92,20.1
827.92,994.4,925.64,15.48,15.42,15.52,11.562,0.036,1,99.94,0.1,1,99.94,20.1
248.04,253.16,243.68,15.48,15.46,15.56,11.588,0.042,1,99.94,0.1,1,99.94,20.1
243.6,249.8,239.75,11.825,11.725,11.9,8.71,0.03,1,99.925,0.1,1,99.925,15.075
245.0142857,248.5714286,239.8714286,7.557142857,7.514285714,7.6,5.47,23368.63429,1,99.94285714,0.1,1,99.94285714,0
241,244.66,238.44,9.52,9.5,9.6,6.906,32296.634,1,99.92,0.1,1,99.92,0
239.5333333,240.2666667,236.9333333,7.816666667,7.8,7.866666667,5.558333333,0.015,1,99.96666667,0.1,1,99.96666667,0
232.8428571,238.7428571,232.4571429,6.157142857,6.114285714,6.2,4.291428571,0.011428571,1,99.95714286,0.1,1,99.95714286,0
1110.12,1359.52,1262.78,49.02,50.88,49.48,3.188,0.004,1,99.9,0.1,1,99.9,9.06
226.6833333,234.75,231.2166667,3.1,3.1,3.166666667,2.203333333,0.001666667,1,99.91666667,0.1,1,99.91666667,0
228.1777778,231.0666667,228.7111111,2.188888889,2.188888889,2.277777778,1.552222222,0,1,99.96666667,0.1,1,99.96666667,0
189.3333333,192,188,37.96666667,39.63333333,39,1.046666667,25024.205,1,99.9,0.1,1,99.9,0
175.88,184.36,183.68,44.9,46.94,46.12,0.796,-0.002,1,99.96,0.1,1,99.96,0
220.6285714,230.4571429,227.7857143,0.871428571,0.828571429,0.828571429,0.612857143,0,1,99.9,0.1,1,99.9,0
220.72,230.28,227.88,0.56,0.56,0.56,0.412,0,1,99.9,0.1,1,99.9,0
224.0333333,232.5666667,223.7,0.3,0.283333333,0.283333333,0.24,-0.001666667,1,99.95,0.1,1,99.95,0
225.4857143,230.0571429,225.8,0.085714286,0.085714286,0.085714286,0.098571429,-0.005714286,1,100,0.1,1,100,0
219.2,233.0666667,221.1666667,0,0,0,0.016666667,0,0.96,99.96666667,0.1,1,99.96666667,0
218.45,228.525,226.8,0,0,0,0,-0.0025,0.3625,99.9,0.1,1,99.9,0
218.4,231.2,224,0,0,0,0,-0.01,0.14,100,0.1,1,100,0
218.4,231.2,224,0,0,0,0,-0.01,0.14,100,0.1,1,100,0
218.4,231.2,224,0,0,0,0,-0.01,0.14,100,0.1,1,100,0
226.9333333,233.6,228,0,0,0,0,0,0,99.95,0.1,1,99.95,0
227.2571429,234.1714286,228.5142857,0.1,0.1,0.1,0.081428571,21945.51571,0.714285714,99.97142857,0.1,1,99.97142857,0
223.2666667,231.7333333,228.8,0.3,0.3,0.3,0.25,-0.006666667,1,99.96666667,0.1,1,99.96666667,0
216.8666667,226.5,227.9,0.7,0.666666667,0.666666667,0.498333333,0,1,99.95,0.1,1,99.95,0
215.84,224.16,227.44,1.06,1.04,1.02,0.726,0,1,99.94,0.1,1,99.94,0
218.96,228.94,221.96,1.58,1.5,1.58,1.04,0,1,99.94,0.1,1,99.94,0
640.0428571,765.1714286,715.5714286,63.97142857,67.88571429,65.55714286,1.744285714,0,1,99.9,0.1,1,99.9,4.314285714
219.875,231,225.25,4.025,4.025,4.05,2.61,0,1,99.9,0.1,1,99.9,0
219.9428571,231.1714286,228.4571429,5.542857143,5.542857143,5.614285714,3.668571429,0.008571429,1,99.91428571,0.1,1,99.91428571,0
223.98,231.52,229.08,6.86,6.82,6.92,4.614,0.014,1,99.94,0.1,1,99.94,0
233.5666667,239.7333333,229.3166667,8.55,8.516666667,8.616666667,6.018333333,0.015,1,99.98333333,0.1,1,99.98333333,0
238.9833333,243.0333333,229.2166667,9.916666667,9.916666667,9.983333333,7.078333333,26476.955,1,99.91666667,0.1,1,99.91666667,0
238.2857143,242.9857143,238.0571429,11.52857143,11.48571429,11.58571429,8.332857143,0.025714286,1,99.97142857,0.1,1,99.97142857,0
134.5777778,137.4666667,133.0444444,116.9222222,116.1888889,112.3333333,9.366666667,0.03,1,99.95555556,0.1,1,99.95555556,0
244.32,246.08,241.12,14.22,14.22,14.32,10.448,0.032,1,99.96,0.1,1,99.96,0
245.6571429,249.8571429,241.4,15.2,15.2,15.31428571,11.26714286,23331.20143,1,99.92857143,0.1,1,99.92857143,14.35714286
252.5333333,251.5333333,242.9333333,16.45,16.36666667,16.48333333,12.33166667,0.04,1,99.91666667,0.1,1,99.91666667,20.1
251.2333333,254.5333333,244.1,17.46666667,17.4,17.56666667,13.16,0.045,1,99.93333333,0.1,1,99.93333333,20.1
251.5428571,254.7,247.5428571,18.41428571,18.34285714,18.45714286,13.88428571,0.05,1,99.98571429,0.1,1,99.98571429,20.1
252,254.4,248,19.16666667,19.11666667,19.26666667,14.53166667,56623.985,1,99.95,0.1,1,99.95,20.1
256.775,257.75,245.8,20.2,20.125,20.3,15.42,0.05,1,99.975,0.1,1,99.975,20.1
256.3428571,259.0714286,245.1571429,20.78571429,20.72857143,20.88571429,15.87142857,0.057142857,1,99.98571429,0.1,1,99.98571429,20.1
253.6,257.9,245.4,21.5,21.44,21.62,16.318,0.058,1,99.94,0.1,1,99.94,20.1
255.5166667,256.9333333,242,21.13333333,21.1,21.25,16.01666667,0.058333333,1,99.96666667,0.1,1,99.96666667,20.1
256.5,255.5428571,243.7714286,21.12857143,21.1,21.22857143,16.02571429,0.058571429,1,99.95714286,0.1,1,99.95714286,24.38571429
256.45,260.4,246.7,20.9,20.85,21,16.025,0.06,1,99.95,0,1,99.95,20
253,257.9,247,20.7,20.6,20.8,15.8,0.0525,1,99.9,0,1,99.9,20
254.75,261.4,248.95,136.4,141.8,131.65,13.63,0.05,1,99.95,0,1,99.95,20
264.6,263.95,248,20.575,20.55,20.7,16.0225,0.05,1,99.925,0,1,99.925,18.75
263.1142857,260.0857143,242.9857143,19.02857143,19.02857143,19.11428571,14.65714286,0.052857143,1,99.94285714,0,1,99.94285714,20
261.1,258.9,248.8,20.7,20.7,20.8,16.02,0.05,1,100,0,1,100,20
261.1666667,263.8666667,248.7666667,19.56666667,19.56666667,19.7,14.42,0.05,1,99.9,0,1,99.9,20
260,264.8,247.55,20.6,20.6,20.75,16.02,0.05,1,99.95,0,1,99.95,20
262.9333333,265.6,250.3333333,20.46666667,20.46666667,20.6,16.03,0.053333333,1,100,0,1,100,20
261.5,263.9,248.9666667,18.5,18.5,18.66666667,14.42666667,0.05,1,99.93333333,0,1,99.93333333,20
264.7,258.4,249.1,20.5,20.5,20.7,16.02,0.06,1,100,0,1,100,20
266.1666667,265.6333333,251.6666667,19.43333333,19.36666667,19.53333333,15.22333333,0.053333333,1,99.96666667,0,1,99.96666667,23.33333333
265.42,263.44,250.32,17.96,17.96,18.08,14.074,0.046,1,99.96,0,1,99.96,20
265.08,260.52,248.48,19.04,19.04,19.16,14.85,0.052,1,99.96,0,1,99.96,20
257.2857143,260.2857143,249.0571429,53.74285714,53.71428571,52.22857143,14.74285714,0.051428571,1,99.97142857,0,1,99.97142857,20
260.35,261.15,247.75,18.3,18.2,18.4,14.13,0.0425,1,99.925,0,1,99.925,20
258.3,260.1,246.4,17.2,17.15,17.25,13.21,0.045,1,99.95,0,1,99.95,20
256.8,257.8666667,244.3333333,16.36666667,16.26666667,16.43333333,12.47666667,0.04,1,99.96666667,0,1,99.96666667,20
254.95,256.8,243.95,15.25,15.2,15.35,11.585,0.035,1,99.9,0,1,99.9,20
252.4666667,254.6,246.0666667,90.13333333,90.93333333,88.76666667,9.95,0.03,1,99.96666667,0,1,99.96666667,18.33333333
248.9,254.2333333,243.6666667,13.63333333,13.63333333,13.73333333,10.23666667,0.033333333,1,100,0,1,100,18.33333333
243.2,248.8,240.8,12.2,12.16666667,12.26666667,8.98,0.03,1,99.96666667,0,1,100,0
247.6,247.9,238.8,10.5,10.5,10.55,7.725,0.025,1,100,0,1,100,0
241.7,243.5666667,237.7333333,8.8,8.8,8.833333333,6.366666667,0.016666667,1,99.93333333,0,1,100,0
236.2,240.3333333,235.9333333,7.666666667,7.666666667,7.733333333,5.463333333,0.013333333,1,99.96666667,0,1,100,0
233.95,239.65,235.95,6.15,6.05,6.15,4.295,0.01,1,100,0,1,100,0
232.1666667,236.5333333,234.9333333,4.933333333,4.933333333,4.966666667,3.473333333,0.006666667,1,100,0,1,100,0
227.7,231.2,231.3666667,3.666666667,3.666666667,3.7,2.546666667,0,1,99.93333333,0,1,100,0
220.7,229.7333333,227.9,1.533333333,1.5,1.533333333,1.046666667,0,1,100,0,1,100,0
221.2,232.7,227.65,2,1.95,2,1.395,0,1,100,0,1,100,0
222.5333333,231.4666667,229.5666667,2.4,2.4,2.466666667,1.686666667,0,1,99.96666667,0,1,100,0
221.0666667,230.4,226.8333333,1.6,1.566666667,1.6,1.093333333,0,1,99.96666667,0,1,100,0
216.7,228.8,226.3,0.75,0.7,0.75,0.52,0,1,100,0,1,100,0
218.5666667,229.3333333,224.5333333,0.333333333,0.333333333,0.333333333,0.276666667,0,1,99.96666667,0,1,100,0
224.15,231.3,222.7,113.25,116.05,111.65,0.065,0,1,100,0,1,100,0
220.5666667,230.5666667,224,0,0,0,0,0,0,99.93333333,0,1,100,0
221.6,232,225.6,0,0,0,0,0,0,100,0,1,100,0
221.6,232,225.6,0,0,0,0,0,0,100,0,1,100,0
221.6,232,225.6,0,0,0,0,0,0,100,0,1,100,0
228,233.6,230.4,228.8,233.6,227.5,0,0,0,99.9,0,1,100,0
227.2,232.8,228.8,0,0,0,0.04,-0.01,1,99.9,0,1,100,0
223.6,230.4,226,7.55,7.55,7.6,0.12,4.7,0.505,100,0,1,100,0
220,228,223.2,15.1,15.1,15.2,0.18,9.42,0.02,100,0,1,100,0
217.075,225.9,224.35,1.125,1.075,1.1,0.765,-0.0025,1,100,0,1,100,0
219.3,229.6,223.3,2,2,2.1,1.26,0,1,100,0,1,100,0
218.05,227.65,227.6,2.8,2.7,2.8,1.8,0,1,100,0,1,100,0
212,227.6,230.3,0.3,0.3,0.3,0.23,-0.01,1,0,0,1,15,0
219.2,227.2,228.9,4.45,4.45,4.45,2.94,0,1,15,0,1,30,0
228.05,234.4,229.5,6.15,6.15,6.15,2.625,1.42,0.545,15,0,1,22.5,0
232,236.65,231.85,3.75,3.75,3.8,2.64,0.005,1,15,0,1,15,0
233.2,236.8,232.5,1.35,1.35,1.35,0.975,0,1,5,0,1,10,0
242,245.6,237.5,2.4,2.4,2.4,1.72,0,1,10,0,1,10,0
235.7,239.8,232,2.3,2.3,2.3,1.62,0,1,10,0,1,10,0
232.4,239.3,234.05,2.45,2.4,2.45,1.68,0,1,10,0,1,10,0
232.5,242.1,240,2.4,2.4,2.4,1.7,0,1,10,0,1,10,0
240.85,245,235.6,2.35,2.35,2.45,1.695,0,1,10,0,1,10,0
245.3,244.8,236.8,2.4,2.4,2.4,1.71,0,1,10,0,1,10,0
239.9,247.5333333,236.4666667,1.6,1.6,1.666666667,1.16,0,1,6.666666667,0,1,6.666666667,0
222.4,236.8,226.4,0,0,0,0,0,0,100,0,1,10,0
227.2,232,229.4,0,0,0,0,0,0,100,0,1,98.45,0
227.7333333,234.1333333,230.2,76.26666667,78.4,78.66666667,0,0,0,98,0,1,98.30333333,0
226.5333333,232.8666667,231.1333333,0.133333333,0.1,0.1,0.12,-0.006666667,1,99.96666667,0,1,100,0
222.8,230.8,228,0.3,0.3,0.3,0.225,-0.005,1,99.95,0,1,97.22,0
225.95,231.35,224,0.45,0.45,0.45,0.35,-0.005,1,97.25,0,1,99.795,0
223.9666667,228.8,229.7666667,74.5,77,75.9,0.513333333,-0.003333333,1,99.5,0,1,99.64333333,0
220.3,230.8666667,230.3,1.166666667,1.133333333,1.1,0.813333333,-0.003333333,1,99.8,0,1,98.27333333,0
224,232.5333333,231.7333333,2.333333333,2.266666667,2.333333333,1.563333333,0,1,96.36666667,0,1,96.09333333,0
224.8,234.6,229.6,3.65,3.65,3.75,2.46,0,1,94.95,0,1,92.775,0
229.3333333,239.0333333,228.2666667,5.233333333,5.166666667,5.266666667,3.563333333,0.006666667,1,90.36666667,0,1,90.40333333,0
233.7,236.8,234.7,6.866666667,6.833333333,6.9,4.723333333,0.01,1,91.9,0,1,90.98333333,0
236.4,242.2,235.2,8.333333333,8.3,8.366666667,5.943333333,0.013333333,1,90.36666667,0,1,89.80333333,0
237.6,244,238.4,124.5,126.1,125.7,7.33,0.02,1,92.9,0,1,92.535,0
242.1333333,243.9333333,238.9333333,11.56666667,11.56666667,11.66666667,8.46,0.03,1,93.83333333,0,1,90.99666667,0
251.8,252.7,240.8,12.75,12.7,12.85,9.54,0.03,1,88.2,0,1,84.71,0
252.7333333,251.6,244.4666667,14.03333333,14,14.13333333,10.55333333,0.033333333,1,83.43333333,0,1,84.4,0
255.3333333,253.6666667,244.7333333,15.2,15.1,15.3,11.49333333,0.036666667,1,82.66666667,0,1,84.48333333,0
255.1666667,254.1333333,245.8333333,96.3,95.26666667,93.43333333,12.66,0.043333333,1,85,0,1,85.75333333,0
254.9,254.4,243.4,17.5,17.5,17.65,13.27,0.045,1,88.1,0,1,89.215,0
256.8,255.85,246.45,18.65,18.6,18.75,14.24,0.05,1,81.4,0,1,70.945,0
254.9,256.35,247.05,18.9,18.85,19,14.43,0.05,1,73,0,1,75.12,0
257.2,259.5666667,244.4666667,20.2,20.1,20.3,15.38333333,0.053333333,1,77.8,0,1,78.81666667,0
257.3333333,259.0666667,241.2,21.23333333,21.13333333,21.33333333,16.15,0.056666667,1,82,0,1,74.15333333,0
252.4333333,257.0666667,245.9333333,16.8,16.73333333,16.86666667,12.75333333,0.04,1,63.7,0,1,43.99333333,0
253.9,255.5,242.8,128.4,129.3,125.25,6.44,0.015,1,32.3,0,1,34.82,0
248.6333333,251.0666667,241.6,9.366666667,9.3,9.4,6.956666667,0.016666667,1,34.93333333,0,1,38.71,0
253.2,254.1666667,241.2,10.33333333,10.33333333,10.43333333,7.766666667,0.02,1,38.6,0,1,33.85,0
249.45,254.7,243.5,9.9,9.9,10,7.42,0.02,1,37.05,0,1,22.375,0
243.8333333,256.4,238.7333333,6.466666667,6.466666667,6.466666667,4.743333333,0.01,1,25.2,0,1,23.99,0
240.05,249.9,238.3,9.5,9.5,9.55,6.995,0.015,1,43.65,0,1,45.775,0
247.2,254.05,242,12.2,12.15,12.25,8.305,0.025,1,47,0,1,48.57,0
246.0666667,256.6,237.5333333,7.6,7.566666667,7.666666667,5.636666667,0.016666667,1,30.6,0,1,16.44333333,0
239.8333333,243.8,232.7333333,2.433333333,2.433333333,2.466666667,1.686666667,0,1,10.06666667,0,1,12.03666667,0
240.2,242,232.9,3.8,3.8,3.8,2.73,0,1,14.9,0,1,15.675,0
250.4666667,254.1333333,240.7666667,3.766666667,3.733333333,3.8,2.766666667,0.003333333,1,15.26666667,0,1,17.38,0
243.5333333,248.1333333,238.3333333,5.033333333,5.033333333,5.133333333,3.656666667,0.006666667,1,19.8,0,1,23.60666667,0
248.8,252.7,239.2,8,8,8.1,6.03,0.02,1,30.4,0,1,30.15,0
249.4333333,249.1666667,240.2333333,5.4,5.366666667,5.466666667,3.95,0.006666667,1,20.53333333,0,1,23.58,0
242.4,240.8,235.7,4.3,4.3,4.4,3.14,0.01,1,16.3,0,1,46.62,0
244.5,248.5,238.4,9.5,9.5,9.6,7.225,0.015,1,37.5,0,1,71.36,0
255.6333333,256.8333333,244.0666667,17.86666667,17.83333333,18,13.72666667,0.05,1,87.83333333,0,1,87.07,0
247.2,250.4,238.4,13.1,13.1,13.2,10.025,0.035,1,86.25,0,1,89.68,0
236.5333333,243.2666667,236.5333333,8.933333333,8.933333333,9,6.45,0.016666667,1,91.13333333,0,1,94.50333333,0
241,244,240.5,8,7.9,8,5.6,0.01,1,89.7,0,1,91.32,0
245.6,246.1333333,239.6,10.23333333,10.23333333,10.33333333,7.776666667,0.023333333,1,90.76666667,0,1,92.70666667,0
225,236.8,231,0,0,0,0,0,0,99.9,0,1,100,0
232.8666667,238.1333333,232.5666667,0,0,0,0,0,0,99.96666667,0,1,100,0
228.8,232,229.6,0.05,0.05,0.05,0.05,-0.005,0.5,99.9,0,1,100,0
227.45,233,228.2,113.75,115.75,113.7,0.2325,-0.0025,1,99.925,0,1,100,0
232,234.75,229.9,0.7,0.65,0.75,0.525,0,1,99.9,0,1,100,0
223.4,228.5333333,231.8666667,1.133333333,1.066666667,1.066666667,0.783333333,0,1,99.96666667,0,1,100,0
221.0333333,232.5,231.4,1.766666667,1.7,1.733333333,1.193333333,0,1,99.93333333,0,1,100,0
224.3,233.8,232.8,114.45,116.05,118.05,1.74,0,1,99.9,0,1,100,0
227.3666667,234.7666667,231.4666667,3.666666667,3.666666667,3.733333333,2.493333333,0,1,99.93333333,0,1,100,0
228.7,238.25,234.45,117.2,123,117.8,3.28,0.005,1,99.95,0,1,100,0
231.625,238.75,237.475,6.65,6.625,6.725,4.6,0.01,1,99.975,0,1,100,0
240.75,246.15,237.05,8.1,8.1,8.15,5.865,0.015,1,99.95,0,1,100,0
242.9666667,246.2666667,237.8,9.5,9.5,9.566666667,6.953333333,0.02,1,100,0,1,100,0
242.5333333,245.8333333,241.3333333,10.96666667,10.96666667,11.06666667,8.09,0.023333333,1,100,0,1,100,0
240.8,249.2,250,12.1,12.1,12.2,9.01,0.03,1,100,0,1,90,0
249.95,252.05,242.4,13.4,13.35,13.45,10.025,0.03,1,90,0,1,80,0
251.225,254.3,243.425,14.7,14.625,14.75,11.045,0.035,1,75.075,0,1,65.075,0
255.4,255.75,245.6,15.75,15.7,15.85,11.985,0.04,1,60.15,0,1,50.15,0
256.55,254.75,244.85,134.6,135.7,129.2,10.925,0.035,1,55.1,0,1,45.1,0
256,252.3,248.3,92.9,90.6,88.53333333,8.063333333,0.026666667,1,40.03333333,0,1,30.03333333,0
252.0333333,250.8666667,243.9,87,88.2,86.63333333,4.35,0.006666667,1,23.36666667,0,1,13.36666667,0
248.2666667,251,242.3,84.33333333,85.56666667,83.96666667,2.35,0.003333333,1,13.33333333,0,1,13.33333333,0
248.7,249.6,239.85,2.95,2.95,3.05,2.14,0,1,12.6,0,1,10,0
248.4333333,251.7,239.8,83.66666667,85.26666667,81.33333333,1.66,0,1,10.06666667,0,1,10,0
252.4333333,256,242.3333333,2.266666667,2.266666667,2.333333333,1.663333333,0,1,10.03333333,0,1,10,0
248.35,251,239.95,2.3,2.3,2.35,1.625,0,1,10.05,0,1,15.05,0
248.8333333,252.3,244.8,3.9,3.933333333,3.933333333,2.876666667,0,1,16.76666667,0,1,10.06666667,0
253.6,252.8,236.2,2.3,2.4,2.4,1.65,0,1,10.1,0,1,10,0
240.8,246.8,232.4,2.3,2.3,2.4,1.665,0,1,10.05,0,1,20.05,0
246.55,245.95,235.9,6.55,6.55,6.55,4.78,0.015,1,25.1,0,1,35.1,0
247.3,248.2,240.4,10.4,10.35,10.45,7.55,0.025,1,40.1,0,1,50.1,0
253.7,254.0666667,241.6666667,93.43333333,93.6,90.56666667,10.04666667,0.03,1,50.1,0,1,40.1,0
250.5,251.7,242.4,10.75,10.7,10.8,8.02,0.02,1,40.15,0,1,30.15,0
251.8,248.3,237.5,8,8,8.1,5.87,0.01,1,30.3,0,1,20.3,0
250.8,250.9,237.55,127.9,128.65,120.9,3.645,0.005,1,20.3,0,1,10.3,0
251.4,245.6,235.4,2.35,2.4,2.45,1.695,0,1,10.25,0,1,10,0
246.7333333,246.6333333,236.4333333,2.3,2.3,2.4,1.683333333,0,1,10.2,0,0.333333333,20.2,0
247.9333333,249.5,236.8333333,6.066666667,6.066666667,6.166666667,4.426666667,0.01,1,23.56666667,0,1,20.23333333,0
247.1333333,249.6333333,238.6666667,4.266666667,4.2,4.3,3.126666667,0.006666667,1,20.36666667,0,1,23.7,0
250.3,250.8,238.6,8.3,8.3,8.4,6.07,0.01,1,30.5,0,1,20.5,0
224.8,233.8,228.2,0,0,0,0,0,0,100,0,0,100,0
232,237.2,232.8,0,0,0,0,0,0,100,0,0,100,0
233.8666667,237.8666667,231.2,0,0,0,0,0,0,100,0,0,100,0
232.4,237.2,232.8,115.4,119,117.15,0.37,-0.01,1,100,0,0,100,0
230,235.6,232.8,0.75,0.75,0.75,0.565,-0.005,1,100,0,0,100,0
227.8333333,233.8,229.8333333,0.933333333,0.933333333,0.933333333,0.686666667,0,1,100,0,0,100,0
228.8666667,234.9333333,228.0666667,1.6,1.566666667,1.6,1.086666667,0,1,100,0,0,100,0
223.4333333,230.6,231.6333333,2.566666667,2.6,2.633333333,1.706666667,0,1,100,0,0,100,0
223.95,231.35,227.95,2,2,2.05,1.295,0,1,100,0,0,100,0
225.6,232.8333333,229.0666667,3.366666667,3.4,3.466666667,2.253333333,0,1,100,0,0,100,0
226.8333333,236.8333333,235.2666667,5.433333333,5.4,5.5,3.726666667,0.003333333,1,100,0,0,100,0
235.8,242.6333333,235.6333333,8.633333333,8.6,8.633333333,6.076666667,0.02,1,100,0,0,100,0
240,244.1,237.6,127.35,128.9,123.75,7.285,0.02,1,100,0,0,100,0
240.2,247.9,234.7333333,9.3,9.3,9.333333333,6.776666667,0.02,1,100,0,0,98.33333333,0
244.1666667,247.6,239.6,10.86666667,10.86666667,10.96666667,7.996666667,0.023333333,1,100,0,0,100,0
245.8666667,245.0666667,236.7666667,11.6,11.6,11.66666667,8.5,0.026666667,1,100,0,0,93.33333333,0
250.3,250,239.3,13.05,13,13.1,9.7,0.03,1,100,0,0,90,0
251.2,249.6,239.2,13.93333333,13.86666667,14,10.38333333,0.033333333,1,100,0,0,90,0
251.25,251.2,242.8,14.85,14.85,14.95,11.135,0.035,1,100,0,0,90,0
252.3333333,252.6333333,242.7,15.76666667,15.7,15.86666667,11.85666667,0.04,1,100,0,0,90,0
250.3,254.6666667,247.4666667,16.86666667,16.8,16.93333333,12.72333333,0.04,1,100,0,0,90,0
250.45,256.35,246.9,17.4,17.4,17.55,13.185,0.04,1,100,0,0,90,0
255.7333333,256.0666667,247.3333333,96.26666667,97.53333333,95.8,14.17666667,0.05,1,100,0,0,90,0
257.5666667,255.7333333,244.7666667,98.76666667,97.63333333,94.3,14.51,0.05,1,100,0,0,90,0
254.5666667,258,242.1333333,19.13333333,19.03333333,19.23333333,14.49333333,0.053333333,1,100,0,0,90,0
259.55,264.5,247.05,19.9,19.8,20,15.385,0.055,1,100,0,0,90,0
260.3,263.4,249.4333333,18.86666667,18.8,19,14.54333333,0.056666667,1,100,0,0,90,0
257.5333333,266.4,246.0333333,17.63333333,17.6,17.76666667,13.62333333,0.05,1,100,0,0,90,0
259.6,267.25,252,17.4,17.4,17.5,13.625,0.05,1,100,0,0,87.5,0
257.0333333,262.7666667,251.0666667,17.6,17.56666667,17.7,13.62333333,0.05,1,100,0,0,90,0
257.1,257.3333333,245.0666667,175.5,178.3666667,169.2,13.62,0.05,1,100,0,0,90,0
266.4666667,265.1,245.3666667,18.46666667,18.46666667,18.6,14.41666667,0.05,1,100,0,0,90,0
266,264.9,248.3,17.4,17.4,17.5,13.63,0.05,1,100,0,0,90,0
257,262.4,241.3333333,17.8,17.8,17.93333333,13.62666667,0.05,1,100,0,0,90,0
258.9,264.5,246.15,138.8,141.65,131.65,13.625,0.045,1,100,0,0,90,0
257.7333333,261.6,240.3333333,17.13333333,17.13333333,17.23333333,13.09,0.043333333,1,100,0,0,90,0
258.1333333,257.3,239.2,95.76666667,97.33333333,91.3,13.09333333,0.046666667,1,100,0,0,90,0
260.7666667,263.1666667,241.3,96.6,100.0666667,93.26666667,13.47666667,0.05,1,100,0,0,90,0
260.7,260.75,246.2,16.6,16.6,16.75,12.83,0.045,1,100,0,0,90,0
255.5333333,260.2,242.7,17.13333333,17.1,17.23333333,13.08,0.046666667,1,100,0,0,88.33333333,0
254.7666667,261.0333333,246,96.1,99.03333333,93.8,13.09,0.046666667,1,100,0,0,90,0
256,260.8,249.9,17.35,17.3,17.4,12.755,0.045,1,100,0,0,90,0
250.9333333,257.3,243.6,16.33333333,16.3,16.4,12.32333333,0.043333333,1,100,0,0,90,0
250.7,254.4,242.4333333,16.63333333,16.6,16.73333333,12.48333333,0.043333333,1,100,0,0,90,0
251.6,254.2333333,242.9333333,15.43333333,15.4,15.5,11.57333333,0.04,1,100,0,0,90,0
246,250.9,245.25,14.05,14,14.15,10.43,0.03,1,100,0,0,95,0
246.5333333,250.1666667,241.1333333,13.73333333,13.73333333,13.83333333,10.30666667,0.033333333,1,100,0,0,96.66666667,0
245.4,249.6,240.5333333,12.13333333,12.13333333,12.23333333,9.006666667,0.026666667,1,100,0,0,93.33333333,0
241.3333333,247.7666667,238.8666667,11.56666667,11.53333333,11.63333333,8.46,0.026666667,1,100,0,0,100,0
241.15,247.6,238.8,125.2,128,125.65,7.22,0.02,1,100,0,0,100,0
236.5,245.4,237.3,8,8,8.066666667,5.793333333,0.016666667,1,100,0,0,100,0
231.6,242.3,235.95,7.4,7.4,7.45,5.23,0.015,1,100,0,0,100,0
232.8333333,238.2333333,233.7333333,5.533333333,5.533333333,5.566666667,3.893333333,0.01,1,100,0,0,100,0
229.4666667,236.8666667,234.5333333,4.366666667,4.366666667,4.366666667,3.04,0.003333333,1,100,0,0,100,0
228.8,236,229.2,3.8,3.8,3.85,2.655,0.005,1,100,0,0,100,0
222.1333333,235.6666667,233.2333333,3.066666667,3.066666667,3.166666667,2.16,0.003333333,1,100,0,0,100,0
221.0666667,229.3333333,232,2.2,2.2,2.266666667,1.54,0,1,100,0,0,100,0
218.7666667,230.7333333,223.4333333,1.733333333,1.7,1.766666667,1.19,0,1,100,0,0,100,0
220.75,232.6,228.3,1.35,1.3,1.3,0.935,0,1,100,0,0,100,0
221.4666667,232,224.8,0.866666667,0.8,0.833333333,0.596666667,0,1,100,0,0,100,0
221.8,231.1333333,226.4333333,0.566666667,0.566666667,0.566666667,0.423333333,0,1,100,0,0,100,0
219.7333333,232.8,225.9,73.36666667,78.23333333,75.53333333,0.143333333,-0.006666667,1,100,0,0,100,0
220.8,234.9333333,223.8,0,0,0,0.01,0,0.333333333,100,0,0,100,0
221.6,237.6,220.3,0,0,0,0,0,0,100,0,0,100,0
221.6,237.6,220.3,0,0,0,0,0,0,100,0,0,100,0
221.6,237.6,220.3,0,0,0,0,0,0,100,0,0,100,0
153.9333333,159.7333333,154.1333333,0,0,0,0,0,0,100,0,0,100,0
232.6333333,238.9333333,230.6666667,77.4,79,77.93333333,0.083333333,-0.003333333,0.666666667,100,0,0,100,0
223.4666667,232.5333333,233.5333333,73.6,77.33333333,78.4,0.306666667,-0.006666667,1,100,0,0,100,0
226,233.05,233.25,0.7,0.65,0.65,0.505,-0.005,1,100,0,0,100,0
220.6,232.4666667,232,1.066666667,1.033333333,1.033333333,0.75,-0.003333333,1,100,0,0,98.33333333,0
223.3666667,230.1,230.4,1.666666667,1.633333333,1.633333333,1.11,0,1,100,0,0,100,0
223.55,228.7,230.4,2.65,2.65,2.75,1.785,0,1,100,0,0,100,0
223.8,234.2333333,230.0333333,75.56666667,80.06666667,80.9,2.386666667,0,1,100,0,0,100,0
229.9666667,235.2333333,233.7333333,5.166666667,5.133333333,5.233333333,3.513333333,0.006666667,1,100,0,0,100,0
232.2666667,236.6,236.5333333,156.5666667,158.5333333,160.6,4.666666667,0.013333333,1,100,0,0,100,0
236.8,245.6,233.8,120.3,125.65,121.9,5.845,0.015,1,100,0,0,100,0
238.9333333,242.0666667,237.2,9.433333333,9.433333333,9.466666667,6.803333333,0.02,1,100,0,0,100,0
244.2,246.1,235.1666667,11.1,11.1,11.16666667,8.08,0.023333333,1,100,0,0,100,0
245.95,246.4,239,12.15,12.15,12.25,8.945,0.035,1,100,0,0,100,0
247.9,247.1,239.3,91.1,92.36666667,88.63333333,9.92,0.03,1,100,0,0,100,0
249,248.8,243.8333333,14.56666667,14.53333333,14.63333333,10.98666667,0.036666667,1,100,0,0,93.33333333,0
248.5,248.8,242.8,15.85,15.85,15.95,11.815,0.04,1,100,0,0,95,0
249.3666667,250.1333333,242.1333333,16.93333333,16.9,17.06666667,12.63,0.036666667,1,100,0,0,93.33333333,0
247.2,250.1333333,242.5,18.03333333,18,18.13333333,13.38,0.043333333,1,100,0,0,96.66666667,0
252.8,254.8,240.3,256.4,255.2,246,14.025,0.05,1,100,0,0,90,0
258.9333333,262.1,249.4333333,19.03333333,18.96666667,19.13333333,14.70666667,0.05,1,100,0,0,90,0
253.8666667,256.1333333,246.0666667,20.2,20.16666667,20.3,15.35666667,0.05,1,100,0,0,90,0
255.5,253.8,242,19.86666667,19.76666667,19.96666667,14.96666667,0.05,1,100,0,0,90,0
250.8,254.8,244.85,21,20.95,21.15,15.865,0.05,1,100,0,0,90,0
250.3666667,253.8666667,242.5,93.96666667,95.26666667,92.9,13.63,0.046666667,1,100,0,0,90,0
254.6,256.5333333,249.4666667,18.46666667,18.43333333,18.56666667,14.15,0.046666667,1,100,0,0,90,0
256,259.6,250.4,17.55,17.55,17.7,13.55,0.055,1,100,0,0,90,0
255.4333333,260.3333333,249.4333333,96.7,98.4,93.93333333,12.56333333,0.043333333,1,100,0,0,90,0
254.4666667,259.7333333,247.3333333,98.76666667,99.03333333,94.56666667,13.63,0.05,1,100,0,0,90,0
258.8,264,246.1,16.6,16.55,16.7,12.82,0.045,1,100,0,0,90,0
260.5,261.8666667,249,17.53333333,17.53333333,17.7,13.63,0.05,1,100,0,0,90,0
256.7333333,260.2666667,248.0333333,17.73333333,17.73333333,17.83333333,13.62666667,0.05,1,100,0,0,90,0
262.05,259.6,248.4,17.6,17.6,17.7,13.625,0.045,1,100,0,0,90,0
261.6,259.2,247.9333333,179.3333333,178.5333333,170.5,12.55666667,0.04,1,100,0,0,90,0
258.7,257.9666667,246.9,17.7,17.66666667,17.83333333,13.6,0.046666667,1,100,0,0,90,0
258.6,261.3333333,243.5666667,98.5,99,94,13.62333333,0.046666667,1,100,0,0,90,0
259.2,261.6,244.45,17.25,17.25,17.4,13.34,0.045,1,100,0,0,90,0
258.9333333,259.6666667,245.3,17.1,17.1,17.23333333,13.08666667,0.046666667,1,100,0,0,90,0
256.2666667,258.5,247.4,97.73333333,98.26666667,94.86666667,13.62,0.046666667,1,100,0,0,90,0
256.8,259.2,245.6,137.7,138.25,132.55,13.89,0.045,1,100,0,0,90,0
258.2,257.4333333,246.9666667,17.63333333,17.63333333,17.73333333,13.52,0.05,1,100,0,0,90,0
253.4,257.1333333,245.1333333,94,95.3,91.9,12.85,0.043333333,1,100,0,0,90,0
248.65,249.7,242.2,134.05,132.85,127.95,11.985,0.04,1,100,0,0,95,0
246.6666667,247.3666667,239.4,14.76666667,14.76666667,14.86666667,10.87666667,0.04,1,100,0,0,100,0
246,246.4,239.5,129.25,130.85,125.6,10.255,0.035,1,100,0,0,100,0
244.4,247.1666667,237.3666667,12.16666667,12.1,12.26666667,8.896666667,0.03,1,100,0,0,100,0
244.8,245.6,239.2,127.6,127.1,125.1,8.16,0.025,1,100,0,0,100,0
240.0333333,245.0666667,234.6333333,10.16666667,10.16666667,10.26666667,7.363333333,0.023333333,1,100,0,0,100,0
237.8666667,241.3666667,237.1666667,9.266666667,9.266666667,9.366666667,6.67,0.016666667,1,100,0,0,100,0
234.4,237.3666667,232.8,6.366666667,6.366666667,6.433333333,4.53,0.006666667,1,100,0,0,100,0
227.75,236.45,231.05,3,3,3,2.11,0,1,100,0,0,100,0
229.3,238.1333333,234.6666667,78.56666667,79.1,79.36666667,1.566666667,0,1,100,0,0,100,0
227.4333333,236.2666667,235.9666667,1.966666667,1.966666667,2.033333333,1.403333333,0,1,100,0,0,100,0
230.2,230.5,233.25,1.4,1.4,1.35,0.99,0,1,100,0,0,100,0
226.8,231.6,231.8666667,1.166666667,1.1,1.1,0.813333333,0,1,100,0,0,100,0
225.8,234.4,229.45,1.05,1.05,1.05,0.78,-0.01,1,100,0,0,100,0
225.3,235.7666667,233.8333333,1.133333333,1.133333333,1.133333333,0.816666667,0,1,100,0,0,100,0
227.6,235.5,229.8,77.6,79.56666667,77.3,0.616666667,-0.003333333,1,100,0,0,100,0
225.0666667,233.4666667,230.9333333,152,158.8,152.5666667,0.283333333,-0.003333333,1,100,0,0,100,0
228.4,234.6,235.2,0.15,0.15,0.1,0.115,0,1,100,0,0,100,0
229.6666667,237.6,231.8333333,77.6,80.16666667,77.6,0.016666667,-0.003333333,0.836666667,100,0,0,100,0
230.4,240,232.1333333,0,0,0,0,0,0,100,0,0,100,0
229.6,240,232.8,0,0,0,0,0,0,100,0,0,100,0
229.6,240,232.8,0,0,0,0,0,0,100,0,0,100,0
227.2,236.8,235.2,0,0,0,0,0,0,100,0,0,100,0
232,236.3333333,230.8333333,0.066666667,0.066666667,0.066666667,0.096666667,-0.006666667,1,100,0,0,100,0
229.5666667,235.4333333,232.4666667,0.4,0.4,0.4,0.31,-0.006666667,1,100,0,0,100,0
231.8,233,232,113.55,117.95,117.95,0.56,-0.005,1,100,0,0,100,0
227.8666667,232.6,230.3333333,1.166666667,1.133333333,1.133333333,0.833333333,-0.006666667,1,100,0,0,100,0
225.9,230.9333333,231.1333333,1.933333333,1.933333333,1.933333333,1.26,0,1,100,0,0,100,0
224,233.4,228.75,2.45,2.45,2.45,1.625,0,1,100,0,0,100,0
226.4666667,236.5,231,3.533333333,3.533333333,3.633333333,2.4,0,1,100,0,0,100,0
226.9,237.9666667,231.8666667,4.8,4.733333333,4.833333333,3.26,0.003333333,1,100,0,0,100,0
228,239.5,236.8,6.15,6.1,6.2,4.21,0.01,1,100,0,0,100,0
233.3,243.3,236.5333333,6.966666667,6.9,6.966666667,4.9,0.01,1,100,0,0,100,0
237.6,246.2666667,237.3333333,8.566666667,8.566666667,8.633333333,6.23,0.02,1,100,0,0,98.33333333,0
244.3333333,245.6,240.2666667,9.933333333,9.9,10,7.286666667,0.02,1,100,0,0,100,0
246.6,249.6,240.6,11.2,11.2,11.3,8.305,0.02,1,100,0,0,95,0
248.9666667,251,242.0666667,12.23333333,12.23333333,12.33333333,9.12,0.03,1,100,0,0,90,0
253.5333333,253.6,240.8333333,13.5,13.46666667,13.6,10.21,0.03,1,100,0,0,88.33333333,0
261.6,259.2,246.4,14.5,14.5,14.6,11.03,0.04,1,100,0,0,90,0
255.7333333,256.2666667,245.8666667,15.76666667,15.76666667,15.9,12.02666667,0.04,1,100,0,0,90,0
259.45,258.9,249.7,140.6,139.45,133.15,12.79,0.04,1,100,0,0,90,0
264,261.85,250,16.65,16.6,16.75,12.955,0.045,1,100,0,0,90,0
263.8,263.2,244.1,18.03333333,18.03333333,18.2,13.99333333,0.05,1,100,0,0,90,0
265.9666667,262.3666667,247.7333333,18.43333333,18.33333333,18.53333333,14.36333333,0.05,1,100,0,0,90,0
266.1,260.8,252.8,141.8,141.75,135.05,14.975,0.05,1,95,0,1,85,0
262.4,261.6,247.7333333,18.3,18.26666667,18.4,14.17333333,0.05,1,80.03333333,0,1,70.03333333,0
256.8666667,263.0666667,249.1,16.33333333,16.33333333,16.43333333,12.60666667,0.043333333,1,63.46666667,0,1,53.46666667,0
263.15,262.4,252.7,12.85,12.85,12.95,10.04,0.03,1,50.2,0,1,40.2,0
263.15,264.65,250.15,8.95,8.95,9,6.945,0.02,1,35.15,0,1,25.15,0
261.9333333,263.0666667,247.7333333,6,5.966666667,6.066666667,4.623333333,0.01,1,23.53333333,0,1,13.53333333,0
255.2,259.15,244.8,129.65,130,123.6,1.685,0,1,10.25,0,1,10,0
263.1333333,262.7666667,247.9333333,2.3,2.3,2.366666667,1.65,0,1,10.06666667,0,1,10,0
261.2333333,263.0333333,250.3,2.3,2.3,2.3,1.673333333,0,1,10.06666667,0,1,10,0
262.6666667,263.2666667,248.8,2.3,2.333333333,2.366666667,1.68,0,1,10,0,1,10,0
259.8,262.6,250.4,2.3,2.3,2.366666667,1.67,0,1,10.03333333,0,1,10,0
261.2,262.15,247.95,2.3,2.3,2.35,1.685,0,1,10.1,0,1,10,0
260.2666667,263.7333333,246.1,89.03333333,89.56666667,83.43333333,1.696666667,0,1,10.06666667,0,1,10,0
262.9333333,263.7,244.8333333,2.333333333,2.333333333,2.366666667,1.706666667,0,1,10.06666667,0,1,10,0
260.8,263.1,242.4,2.3,2.3,2.4,1.67,0,1,10,0,1,10,0
259.4,258.9,247.9,2.3,2.3,2.4,1.675,-0.005,1,10.05,0,1,10,0
263.2,261.4,245.9,2.3,2.3,2.3,1.63,0,1,10,0,1,10,0
253.9666667,253.7666667,243.4333333,2.3,2.3,2.366666667,1.673333333,0,1,10.03333333,0,1,10,0
255.0666667,253.8,242.1333333,2.3,2.3,2.366666667,1.636666667,0,1,10.03333333,0,1,10,0
251.2,256.3,240,2.3,2.3,2.3,1.66,0,1,10,0,1,10,0
249.6333333,252.7666667,237.0333333,84.7,86.9,79.7,1.946666667,0.003333333,1,11.73333333,0,1,13.33333333,0
249.9333333,254.0666667,236.2,2.7,2.7,2.8,1.963333333,0,1,11.7,0,1,10,0
246.6,250.8,238.4,2.3,2.2,2.3,1.6,0,1,10.05,0,1,10,0
244.9333333,247.1,237.0666667,2.233333333,2.233333333,2.3,1.606666667,0,1,10.03333333,0,1,20.03333333,0
238.7666667,244.0333333,239.4666667,5.833333333,5.833333333,5.9,4.23,0.01,1,23.43333333,0,1,33.43333333,0
233.5,242,240.4,6.95,6.95,7,4.95,0.015,1,35.15,0,1,45.15,0
233.0666667,239.9666667,237.9,81.4,84.9,84.16666667,4.746666667,0.01,1,46.8,0,1,56.8,0
238.6666667,241.8666667,235.7,7.133333333,7.133333333,7.166666667,5.086666667,0.013333333,1,63.53333333,0,1,73.53333333,0
238.9333333,242.9333333,236.2666667,84.06666667,84.33333333,82.76666667,4.756666667,0.01,1,90.23333333,0,1,96.76666667,0
228,240.8,234.4,0,0,0,0,0,0,100,0,1,100,0
232,236.9666667,233.0666667,0,0,0,0,0,0,99.96666667,0,1,100,0
230.2,237.3333333,233.6333333,0.066666667,0.066666667,0.066666667,0.073333333,-0.006666667,0.666666667,99.96666667,0,1,100,0
228.9,236,234.4,0.25,0.25,0.25,0.22,-0.005,1,99.95,0,1,100,0
228.9333333,237.3333333,229.8666667,76.63333333,79.3,76.1,0.48,-0.003333333,1,100,0,1,100,0
221.95,229.45,230.95,1.25,1.15,1.15,0.85,-0.005,1,100,0,1,100,0
220.8,230,230.6666667,1.833333333,1.8,1.8,1.2,0,1,100,0,1,100,0
224.85,234.1,230.8,2.35,2.35,2.35,1.55,0,1,100,0,1,100,0
224.7,233.25,234.85,114.1,118.05,118.1,1.85,0,1,100,0,1,100,0
224.0666667,233.1,233.2333333,4.033333333,4.033333333,4.133333333,2.743333333,0,1,99.96666667,0,1,100,0
228.8,236.7,236.0666667,80.06666667,82.43333333,83.43333333,3.683333333,0.006666667,1,100,0,1,100,0
237.05,242.4,237.6,6.05,6,6.05,4.32,0.01,1,99.95,0,1,96,0
240.5333333,243.4666667,238.9333333,83.03333333,85.43333333,83.43333333,4.366666667,0.006666667,1,94.6,0,1,91.93333333,0
236.8,238.9333333,235.4,80.5,82.2,80.4,3.233333333,0,1,100,0,1,100,0
242.4,243.0666667,237,163.2,165,160.2333333,4.63,0.006666667,1,100,0,1,97.33333333,0
245.6,250.1,241.7,9.8,9.8,9.8,7.26,0.02,1,100,0,1,92,0
244.8,248.8,243.2,9.3,9.3,9.4,6.87,0.02,1,92,0,1,84,0
242.4,247.8,242.4666667,9.433333333,9.433333333,9.533333333,6.94,0.023333333,1,84,0,1,76,0
249.7333333,252.5666667,245.2666667,11.46666667,11.36666667,11.46666667,8.576666667,0.03,1,73.33333333,0,1,65.33333333,0
255.2,253.6,246.7,13.4,13.3,13.45,10.195,0.035,1,64.05,0,1,56.05,0
254.45,256.1,247.3,12.5,12.4,12.5,9.415,0.03,1,48.1,0,1,40.1,0
258.3,258.5,244.9,12.2,12.16666667,12.26666667,9.353333333,0.03,1,51.16666667,0,0,43.16666667,0
254.4,260.8,242.8,14.43333333,14.43333333,14.53333333,11.03666667,0.04,1,80.66666667,0,0.333333333,67.6,0
258.9,261.2,254.1,12.7,12.7,12.8,9.9,0.03,1,50,0,1,42,0
254.1333333,261.8666667,251.8666667,90.86666667,92.83333333,90.83333333,6.883333333,0.02,1,34.7,0,1,34.7,0
84.7,88,83.5,1.633333333,1.633333333,1.633333333,1.24,0,0.333333333,30,0,1,20,0
252.3,262,250.45,4.9,4.9,5,3.75,0.01,1,20,0,1,12,0
250.3666667,259.4,242.8333333,2.733333333,2.733333333,2.8,2.06,0.003333333,1,12,0,1,11.33333333,0
252.95,260,246.45,2.55,2.5,2.55,1.925,-0.005,1,11.05,0,0,7,0
0.633333333,0.8,0,0,0,0,0,0,0,83.26666667,0,0.333333333,69.33333333,0
0.7,0.8,0,0,0,0,0,0,0,50,0,1,55,0
0.6,0.8,0,0,0,0,0,0,0,51.66666667,0,0,59.66666667,0
0.75,0.8,0,0,0,0,0,0,0,55,0,0.5,56.5,0
0.55,0.8,0,0,0,0,0,0,0,50,0,0.5,58,0
170.6666667,175.4666667,165.9,8.666666667,8.666666667,8.733333333,6.69,0.023333333,0.666666667,60.73333333,0,1,58.06666667,0
252.8666667,260.4,247,14.9,14.86666667,15,11.39,0.04,1,58.13333333,0,1,50.13333333,0
259.35,263.05,247.75,137.8,137.95,130.9,9.915,0.03,1,50.2,0,1,42.2,0
253.6,261.9333333,243.7333333,11.53333333,11.5,11.6,8.81,0.03,1,44.83333333,0,1,36.83333333,0
249.7,255.45,241.35,8.95,8.9,9,6.715,0.02,1,34.1,0,1,26.1,0
247.7,255.2,237.1,6.85,6.85,6.95,5.11,0.015,1,26.2,0,1,18.2,0
242.9,245.7333333,237.4,4.666666667,4.633333333,4.7,3.38,0.006666667,1,18.13333333,0,1,10.13333333,0
242.7666667,246.6,236.7,81.03333333,82.86666667,79.16666667,0.336666667,0,1,2.133333333,0,1,2,0
239.2,242.4,237.1666667,0.266666667,0.266666667,0.266666667,0.206666667,-0.006666667,1,2,0,1,7.333333333,0
245.55,249.1,238.8,1.4,1.35,1.45,1.005,0,1,6.05,0,1,2,0
241.2,247.6,237.4,121,124.15,118.05,0.275,-0.01,1,2.05,0,1,2,0
242.4,248.1,236.3,119.4,123,117.85,0.33,-0.005,1,2.05,0,1,2,0
239.7,245.9666667,237.7,0.266666667,0.266666667,0.266666667,0.243333333,0,1,2.033333333,0,1,2,0
232,243.2,239.65,0.25,0.25,0.25,0.225,-0.005,1,2,0,1,2,0
228.4,242.0333333,237.6,0.3,0.233333333,0.233333333,0.23,0,1,2.033333333,0,1,4.666666667,0
232.8,242.6666667,235.2,0.966666667,0.933333333,0.966666667,0.693333333,-0.003333333,1,4.666666667,0,1,4.666666667,0
228.6,239.6,231.2333333,2.9,2.9,2.9,2.03,0,1,12.66666667,0,1,20.66666667,0
